Time,Congestion Window
0,1000
0.20800000000000002,1001
1.208,1000
1.4160000000000001,2000
1.8400000000000005,3000
2.2560000000000007,4000
2.480000000000001,5000
