Time,Queue Size,Event
0,1,size
0,2,size
0.008,1,size
0.016,0,size
32.048000000000144,1,size
32.04800000000015,0,size
