Time,Queue Size,Event
1.4160000000000001,1,size
1.4240000000000002,0,size
1.8400000000000005,1,size
1.8480000000000005,0,size
2.2560000000000007,1,size
2.2640000000000007,0,size
2.2640000000000007,1,size
2.2720000000000007,0,size
2.480000000000001,1,size
2.488000000000001,0,size
